{
  "MAX_AIM_PRECICING": 10.0,
  "BETTER_PRECICING_COEF": 0.25,
  "COEF_FROM_COVER": 0.725676,
  "PANIC_TIME": 1.5,
  "RECALC_MUST_TIME": 3.0,
  "DAMAGE_PANIC_TIME": 15.0,
  "MAX_AIMING_UPGRADE_BY_TIME": 0.310811,
  "DAMAGE_TO_DISCARD_AIM_0_100": 85.0,
  "MIN_TIME_DISCARD_AIM_SEC": 0.421622,
  "MAX_TIME_DISCARD_AIM_SEC": 0.735135,
  "XZ_COEF": 0.8,
  "BOTTOM_COEF": 0.407027,
  "FIRST_CONTACT_ADD_SEC": 0.15,
  "FIRST_CONTACT_ADD_CHANCE_100": 50.0,
  "BASE_HIT_AFFECTION_DELAY_SEC": 0.494324,
  "BASE_HIT_AFFECTION_MIN_ANG": 5.162162,
  "BASE_HIT_AFFECTION_MAX_ANG": 10.540541,
  "BASE_SHIEF": 0.094054,
  "SCATTERING_HAVE_DAMAGE_COEF": 2.0,
  "SCATTERING_DIST_MODIF": 0.1,
  "SCATTERING_DIST_MODIF_CLOSE": 0.1,
  "SHPERE_FRIENDY_FIRE_SIZE": -0.416216,
  "COEF_IF_MOVE": 1.23243,
  "TIME_COEF_IF_MOVE": 1.2,
  "NEXT_SHOT_MISS_CHANCE_100": 100.0,
  "NEXT_SHOT_MISS_Y_OFFSET": 1.0,
  "ANYTIME_LIGHT_WHEN_AIM_100": -1,
  "ANY_PART_SHOOT_TIME": 4
}