{
    "MAX_AIM_PRECICING" : [2, 4, 1],
    "BETTER_PRECICING_COEF" :	[0.9, 0.7, 0.95, 0.99, 0.8],
    "COEF_FROM_COVER" :	[0.45, 0.65, 0.85, 0.25, 0.35, 0.75],
    "HARD_AIM_CHANCE_100" :	[80.0, 60.0, 50.0],
    "PANIC_TIME" :	[2, 6, 1],
    "RECALC_MUST_TIME" :	[3, 2],
    "DAMAGE_PANIC_TIME" :	[15, 5],
    "MAX_AIMING_UPGRADE_BY_TIME" :	[0.25, 0.4, 0.85, 0.2, 0.15],
    "DAMAGE_TO_DISCARD_AIM_0_100" :	[86, 96, 1, 16, 46],
    "MIN_TIME_DISCARD_AIM_SEC" :	[0.3, 1.3, 0.0, 0.1, 2.3],
    "MAX_TIME_DISCARD_AIM_SEC" :	[0.6, 0.9, 2.9, 0.0, 0.1, 2.6, 3.1],
    "XZ_COEF" :	[0.4, 0.15, 0.35, 0.65, 0.2, 0.1, 0.01, 0.45, 0.02],
    "BOTTOM_COEF" :	[0.1, 0.2, 0.08, 0.01, 0.25],
    "FIRST_CONTACT_ADD_SEC" :	[0.1, 0.01, 0.05],
    "FIRST_CONTACT_ADD_CHANCE_100" :	[80, 40],
    "BASE_HIT_AFFECTION_DELAY_SEC" :	[0.57, 0.17, 0.77, 0.27, 0.07, 1.17],
    "BASE_HIT_AFFECTION_MIN_ANG" :	[4, 9, 14, 1, 2],
    "BASE_HIT_AFFECTION_MAX_ANG" :	[10, 12, 8, 18, 2, 4, 24],
    "BASE_SHIEF" :	[0.05, 0.5, 0.01, 0.03, 0.8],
    "SCATTERING_HAVE_DAMAGE_COEF" :	[2.0, 1.2],
    "SCATTERING_DIST_MODIF" :	[0.67, 0.55, 0.8, 0.45, 0.6, 0.4, 0.47, 0.65, 0.7],
    "SCATTERING_DIST_MODIF_CLOSE" :	[0.6, 0.8, 0.82],
    "AIMING_TYPE" :	[2, 4, 5, 1, 6],
    "SHPERE_FRIENDY_FIRE_SIZE" :	[-0.1, -1.0, 0.2],
    "COEF_IF_MOVE" :	[1.0, 1.1, 1.5, 1.6],
    "TIME_COEF_IF_MOVE" :	[1.1, 1.05, 1.5],
    "BOT_MOVE_IF_DELTA" :	[3.01, 0.01],
    "NEXT_SHOT_MISS_CHANCE_100" :	[100, 10],
    "NEXT_SHOT_MISS_Y_OFFSET" :	[1.0, 0.1],
    "ANYTIME_LIGHT_WHEN_AIM_100" :	[10, -1, 40],
    "ANY_PART_SHOOT_TIME" :	[5, 10, 15, 60, 30],
    "MAX_AIM_TIME" :	[1.5, 1.1, 0.3],
    "Y_TOP_OFFSET_COEF" :	[0.002, 0.001],
    "Y_BOTTOM_OFFSET_COEF" :	[0.002, 0.015, 0.15]
}
