{
    "MAX_AIM_PRECICING" : 1.0,
    "BETTER_PRECICING_COEF" : 0.95,
    "COEF_FROM_COVER" : 0.35,
    "PANIC_TIME" : 0.25,
    "RECALC_MUST_TIME" : 1.0,
    "DAMAGE_PANIC_TIME" : 2.0,
    "MAX_AIMING_UPGRADE_BY_TIME" : 0.15,
    "DAMAGE_TO_DISCARD_AIM_0_100" : 60.0,
    "MIN_TIME_DISCARD_AIM_SEC" : 0.2,
    "MAX_TIME_DISCARD_AIM_SEC" : 0.4,
    "XZ_COEF" : 0.01,
    "BOTTOM_COEF" : 0.01,
    "FIRST_CONTACT_ADD_SEC" : 0.01,
    "FIRST_CONTACT_ADD_CHANCE_100" : 40.0,
    "BASE_HIT_AFFECTION_DELAY_SEC" : 0.07,
    "BASE_HIT_AFFECTION_MIN_ANG" : 2.0,
    "BASE_HIT_AFFECTION_MAX_ANG" : 4.0,
    "BASE_SHIEF" : 0.03,
    "SCATTERING_HAVE_DAMAGE_COEF" : 1.2,
    "SCATTERING_DIST_MODIF" : 0.47,
    "SCATTERING_DIST_MODIF_CLOSE" : 0.6,
    "SHPERE_FRIENDY_FIRE_SIZE" : -0.1,
    "COEF_IF_MOVE" : 1.0,
    "TIME_COEF_IF_MOVE" : 1.05,
    "NEXT_SHOT_MISS_CHANCE_100" : 50,
    "NEXT_SHOT_MISS_Y_OFFSET" : 0.1,
    "ANYTIME_LIGHT_WHEN_AIM_100" : 40.0,
    "ANY_PART_SHOOT_TIME" : 2.5
}