{
  "MAX_AIM_PRECICING": 2.166667,
  "BETTER_PRECICING_COEF": 0.895,
  "COEF_FROM_COVER": 0.35,
  "PANIC_TIME": 1.5,
  "RECALC_MUST_TIME": 2.5,
  "DAMAGE_PANIC_TIME": 10.0,
  "MAX_AIMING_UPGRADE_BY_TIME": 0.2,
  "DAMAGE_TO_DISCARD_AIM_0_100": 66.0,
  "MIN_TIME_DISCARD_AIM_SEC": 0.291667,
  "MAX_TIME_DISCARD_AIM_SEC": 0.6,
  "XZ_COEF": 0.275833,
  "BOTTOM_COEF": 0.099167,
  "FIRST_CONTACT_ADD_SEC": 0.095833,
  "FIRST_CONTACT_ADD_CHANCE_100": 80.0,
  "BASE_HIT_AFFECTION_DELAY_SEC": 0.495,
  "BASE_HIT_AFFECTION_MIN_ANG": 4.583333,
  "BASE_HIT_AFFECTION_MAX_ANG": 9.666667,
  "BASE_SHIEF": 0.084167,
  "SCATTERING_HAVE_DAMAGE_COEF": 2.0,
  "SCATTERING_DIST_MODIF": 0.575833,
  "SCATTERING_DIST_MODIF_CLOSE": 0.616667,
  "SHPERE_FRIENDY_FIRE_SIZE": -0.225,
  "COEF_IF_MOVE": 1.008333,
  "TIME_COEF_IF_MOVE": 1.1,
  "NEXT_SHOT_MISS_CHANCE_100": 99.0,
  "NEXT_SHOT_MISS_Y_OFFSET": 0.5,
  "ANYTIME_LIGHT_WHEN_AIM_100": 10,
  "ANY_PART_SHOOT_TIME": 3
}
